province,altimetry,n_farms,tot_sau_ha,lambda1,lambda2,lambda3,s1,s2,s3,max_yield,risk,share of ladies,wheat acreage distribution,farm acreage distribution,age distribution
Agrigento,Collina,3763,46849.5,0.16319,3.04271,1.66804,0.74862,0.12941,0.28491,73.79,10.55,0.34,lognorm|1.0267053623414724|-0.007367407066988555|2.8404684113682186,invgauss|2.1599502301585387|-0.034746473355077606|5.837818673624401,exponweib|1.4200971227811716|4.69803185488055|-15.98697951672866|79.77163775293988
Agrigento,Montagna,641,12842.7,2.51762,2.32773,3.41232,0.14826,0.71579,0.19924,29.04,7.57,0.41,betaprime|3.343296903891283|1.540264389218185|0.08653306390710863|1.4440859275598834,lognorm|1.2201244692291753|-0.007809185497528597|9.30016469430197,weibull_min|4.681353680696459|0.9498132844712827|66.79039156651282
Agrigento,Pianura,376,4952.9,0.27802,0.63274,1.33775,0.39245,0.68277,0.08638,50.93,9.49,0.32,exponweib|15.16670670761766|0.35040288894622595|0.004058422128392171|0.08377788240012302,betaprime|4.989821580766404|1.2998085529693437|0.021048808478518775|1.16158468508615,weibull_min|5.027090512131423|-0.5194486209180493|66.99497807596302
Alessandria,Collina,82,3039.7,2.71998,1.4739,1.49873,0.14079,0.14158,0.09447,66.9,12.07,0.28,invgauss|1.88677245744886|0.01340594343728558|3.2636123134194595,invgauss|2.2902397478297454|-1.2950043105217972|18.97816558930112,weibull_min|4.461323744175639|-0.6019484982107273|64.71664311519231
Alessandria,Pianura,185,8248,0.01698,0.62628,1.33775,0.67641,0.22152,0.08638,71.29,11.07,0.18,exponweib|14.908161045955072|0.3141047076159791|0.022429072844352006|0.13855005981000534,exponweib|1.0122773918673853|0.986610714219055|0.0032332625277339995|44.104223296692915,weibull_min|4.701068314176249|1.4308463445260882|62.719392400133756
Ancona,Collina,2776,66400,0.03512,0.54219,0.6416,0.26151,0.10364,0.12529,77.13,9.01,0.29,betaprime|4.470075303703398|1.2487760850912477|-0.009342605604388769|0.9933306284774058,betaprime|1.8388921586707854|1.0674299321681913|0.3329045269269849|3.6387584662476016,exponweib|0.88110632302119|4.912593404169144|3.836984889939215|67.29354056183473
Ancona,Montagna,466,10542.8,0.02055,3.38072,3.41232,0.41009,0.15713,0.19924,56.72,7.62,0.25,lognorm|1.1460413713423858|0.014123427648354425|3.9231647807800973,exponweib|15.512344622187406|0.3101535082250362|-0.057337413893208344|0.28835488342006876,weibull_min|4.661311795305622|1.069157509331699|67.58345961983923
Arezzo,Collina,552,16673.1,0.02814,1.82587,2.29604,0.40414,0.17028,0.25899,58.81,8.84,0.3,lognorm|1.1292573130335213|0.011907272002534986|4.080710329055308,betaprime|1.701432080041736|1.6778051161448415|0.02233061199032941|12.051445233469021,weibull_min|4.242451937408018|1.5144123894241892|66.63164158925278
Arezzo,Montagna,23,601.6,0.02171,2.19669,3.41232,0.47398,0.1774,0.19924,58.93,7.29,0.22,exponweib|0.9693361280447789|1.0025665430384763|0.0005916089079045999|4.478296640520181,betaprime|1.0051130643110442|64.55401401904015|0.002604869132215695|1675.191029765692,weibull_min|4.419993343406341|2.6108010611453394|62.19610659799556
Ascoli Piceno,Collina,510,11681.9,0.02997,1.34585,0.45103,0.41135,0.16966,0.11255,68.03,8.22,0.28,lognorm|1.1061672305251886|0.0032051139778005743|3.586173083908064,lognorm|1.227071480074662|0.00982055729233339|10.46791176688123,weibull_min|4.939647895380942|-3.1121101239941797|71.17299395168499
Ascoli Piceno,Montagna,25,958.4,0.01528,1.42337,3.41232,0.4535,0.17245,0.19924,65.17,7.62,0.36,betaprime|1.4929130783753428|1.4967400244606828|0.013860790330096214|3.3145642258638737,weibull_min|0.801477096147281|0.0007589502740131999|33.519250542212916,weibull_min|4.516433344837438|-1.1219373416471408|65.59336043486036
Avellino,Collina,948,7429.9,0.05824,1.06211,1.49873,0.95537,0.25895,0.09447,58.42,9.79,0.49,exponweib|11.984646950344644|0.36892408252288145|0.007541748310196504|0.08271062102151203,lognorm|0.8874278970153809|0.014016102903681793|5.325848270650737,exponweib|0.9860677112319891|5.122562505498578|-1.3298153807822075|65.46983445936834
Avellino,Montagna,3388,46025.1,0.02331,1.51921,3.41232,0.69732,0.14768,0.19924,85.74,8.02,0.5,exponweib|16.645228138717677|0.310277282247738|0.005953134939685984|0.0641578705978949,lognorm|1.0388926892832542|-0.005288835593657422|8.175335063636867,weibull_min|4.644004330615178|0.09010519629620282|64.91081817144642
Bari,Collina,4711,120751.7,0.16113,2.30442,1.49873,0.8396,0.2392,0.09447,55.6,9.8,0.31,exponweib|13.51362451293113|0.3067347853153536|0.0006636081140175484|0.13612952406536177,invgamma|0.9553907570018825|-0.41918898902844925|5.108442102280741,weibull_min|4.488688181255696|1.8171811476934445|64.09851356574565
Bari,Pianura,490,9648.3,0.16046,3.2925,1.55287,0.68884,0.18132,0.21911,73.36,6.94,0.28,betaprime|1.5468942633157057|1.8636272961083882|0.029753499334177442|4.001851183447986,betaprime|2.0834570687613474|1.025878426910214|0.23752682425613175|2.30542621411158,weibull_min|4.7915780314647485|-0.08174098073249947|67.96152325689283
Barletta-Andria-Trani,Collina,880,28777.6,0.16113,1.39069,1.49873,0.8396,0.22456,0.09447,60.35,10.19,0.29,exponweib|14.95871492535835|0.28533880492280783|-0.08979318524453744|0.13276462904830044,betaprime|1.3178922596637936|1.5251830414623542|0.03246365193849247|17.08990787477233,weibull_min|4.423101247685302|1.197320799120802|65.42760424601514
Barletta-Andria-Trani,Pianura,257,3857.4,0.16046,3.2925,1.55287,0.68884,0.18132,0.21911,73.36,11.16,0.28,betaprime|2.988598455280266|1.1973878794186832|-0.008747383129184702|0.8698498717934152,betaprime|2.0238429648719354|1.1079851540998877|0.21274437079671205|2.379994523278513,exponweib|1.3802980987483173|4.790542398687164|-13.671196460223989|78.07981890343524
Benevento,Collina,1685,16755.9,0.05843,0.95811,1.49873,0.95696,0.23089,0.09447,60.3,7.15,0.43,exponweib|10.690238550443857|0.39473858765892833|0.02914689057010478|0.14706183560689687,betaprime|2.434850539008685|3.176818016333135|0.23192424147589763|9.077023500034773,weibull_min|4.474290999077816|-1.7489408571031915|64.10545320067924
Benevento,Montagna,1581,23686.8,0.07719,0.63819,3.41232,0.82203,0.41629,0.19924,75.23,8.84,0.41,exponweib|13.819953948009257|0.3430413100553684|-0.027407465808628198|0.09904235247546722,gamma|1.59442926459757|0.013073155892515467|9.46274471403248,weibull_min|4.284970126721278|0.1641136174023085|61.122877932513184
Bergamo,Collina,16,254.6,3.39343,1.4739,1.49873,0.17232,0.14158,0.09447,49.6,8.94,0.31,betaprime|1.7571712032501399|63350.49129619583|-0.0072800191875819036|204788.22106205957,weibull_min|2.011460626063708|-0.06431766243742051|18.459160131536336,invweibull|5.763044897391749|0.30007199640829335|48.74048019487181
Bergamo,Pianura,67,1195.3,0.19346,7.60171,1.33775,0.4666,0.09154,0.08638,80.84,9.96,0.22,lognorm|1.1193452335773475|-0.006166199432686071|2.783522524101807,betaprime|1.5364006840786382|1.7899753770278486|0.056779873211543964|10.26340382625025,gamma|19.411906985389855|-3.2440514922020753|3.313683541073342
Bologna,Collina,283,15556.4,0.01606,0.12173,1.11748,0.17049,0.15256,0.15816,80.51,10.95,0.21,lognorm|1.114383286448004|0.029655029980869|5.820568945586855,lognorm|1.1564371768464958|-0.11026463563370716|28.108200130152433,weibull_min|4.427061737787707|0.29008448097061185|63.8501993375023
Bologna,Montagna,12,687.1,0.08125,1.59599,3.41232,0.5361,0.07342,0.19924,78.52,9.12,0.25,invgamma|0.8394990256796763|-0.007396152301092328|1.1245611816066101,weibull_min|1.0054576293324144|6.739029440093748e-05|56.769969693193225,lognorm|0.3702972215423006|1.3432018463716613|47.647597098418494
Bologna,Pianura,733,43812.9,0.45845,2.13244,0.99256,0.82746,0.12544,0.168,79.57,8.47,0.14,lognorm|1.0995676895523994|0.013951635811330557|7.370566098809517,betaprime|1.4883196129332261|1.8457189932064466|0.32098982982325525|37.45622375251065,weibull_min|4.525814228800725|1.5862491739589402|64.9348285330305
Brescia,Collina,43,913.1,4.94514,1.4739,1.49873,0.17963,0.14158,0.09447,51.7,5.31,0.21,weibull_min|0.9949990802445786|0.0005632467182686999|4.631207581079286,weibull_min|1.0041093742801515|0.0008007584599415172|21.25989067395666,weibull_min|4.567042781553279|-2.1488697015655593|68.92639993763711
Brescia,Pianura,149,4619.7,1.77254,7.60171,1.33775,0.14772,0.09154,0.08638,55.03,9.47,0.17,weibull_min|0.9864524049080885|0.0005425577162570999|7.4924154482636585,betaprime|1.4157825343139083|1.6262127032284979|0.07288382527380255|16.505849089349077,weibull_min|5.03640142868616|-2.418784033459633|67.16179529801089
Brindisi,Collina,376,6397.7,0.16113,1.39069,1.49873,0.8396,0.22456,0.09447,62.46,9.52,0.28,betaprime|1.4437917374033589|1.6631443534621226|0.0171722597736312|2.133328971540018,invweibull|0.9260126714532058|-0.20152582665244095|3.613861068063232,weibull_min|5.3895933291386715|-2.3322286340781524|69.9093248836704
Brindisi,Pianura,1077,17921.6,0.16046,3.2925,1.55287,0.68884,0.18132,0.21911,41.95,8.52,0.3,betaprime|1.5258584499898444|1.7384243735511606|0.011393951546549413|2.884664875562112,invweibull|0.9298163337578969|-0.1690340490284849|3.5505014348102857,weibull_min|4.8193867579575755|-0.2987367117880929|67.47791318166765
Cagliari,Collina,40,811,0.14835,0.83077,1.49873,0.52542,0.24446,0.09447,41.99,6.86,0.15,invgauss|2.0678424103415263|-0.15260254609014268|2.5179366134770125,lognorm|1.123527762630093|-0.07308125178700152|11.009697022425387,gamma|9.746236355200935|16.676820117524986|4.084693564957261
Cagliari,Pianura,210,6412.2,0.04197,3.25484,1.33775,0.96943,0.52234,0.08638,39.43,6.37,0.27,weibull_min|0.9008217761543089|0.00022973656445459997|8.788793269764174,invgauss|2.49412708913263|-1.1334334565485662|14.207242688575391,weibull_min|4.655729188606546|-1.647340744208181|67.26642828237564
Caltanissetta,Collina,4162,70239.7,0.01644,1.65507,0.95701,0.51493,0.11394,0.20699,50.74,5.95,0.36,invgauss|1.6166508931931451|-0.2551081115309428|4.441357644362913,invgauss|2.7608399050424013|-0.01335773732174718|6.136760598095456,weibull_min|4.557938515860972|-1.2759843445023618|69.58105020516149
Caltanissetta,Pianura,636,6279.3,0.27802,1.70938,1.33775,0.39245,0.3382,0.08638,63.7,10.55,0.35,betaprime|5.8803482828993605|1.690243577249488|-0.05437785083587161|0.7353496826915134,invgamma|1.418788068744942|-0.3915370903763|5.452841920716187,weibull_min|4.954364909078606|0.1685059067057633|68.7473633834717
Campobasso,Collina,5174,77051.7,0.05758,2.58237,1.49873,0.72806,0.25002,0.09447,78.2,9.31,0.37,exponweib|14.105947641676192|0.3397677966892851|-0.0006477429705595891|0.14154670722607576,lognorm|1.1282090443085144|0.006373510617893406|8.05366664251052,weibull_min|4.802304779385375|-1.3227276669408905|67.24784469682167
Campobasso,Montagna,1838,22930.5,0.02068,1.59599,3.41232,0.57389,0.07342,0.19924,66.68,6.6,0.42,lognorm|1.1153730527802872|-0.00025203658425191906|2.085907818519101,lognorm|0.9770193513903384|0.0009245297272349287|7.984253384815639,exponweib|0.9684407211089998|4.565008472201535|2.4091202041519786|63.02991004781115
Caserta,Collina,219,2096.4,0.00933,1.01292,1.49873,0.93767,0.24202,0.09447,65.51,7.43,0.4,lognorm|1.125056089625195|0.005894476261078972|1.4031467068118966,lognorm|1.0838796895177565|0.03591418125793305|4.934560151760693,weibull_min|4.91509721019478|-2.316157164581923|67.837030588217
Caserta,Montagna,13,159.9,0.07719,1.05411,3.41232,0.82203,0.18124,0.19924,76.15,8.54,0.31,invgauss|2.423075148496231|0.0027200253883419333|1.5126602750030071,invgauss|2.380118577512513|-0.36298736132093784|5.206735855547571,exponweib|1.0294063146141517|5.406873051569745|0.623203956061241|64.6069597695477
Caserta,Pianura,328,3790.6,2.08374,1.21873,1.33775,0.14723,0.09465,0.08638,51.55,5.73,0.29,exponweib|15.670842373797054|0.3204954531567296|0.001486236665942615|0.060123249702830464,betaprime|1.804085857480871|1.8700900943524923|0.044849038016006926|5.961369709487935,exponweib|0.9714894219362962|4.3685648009723606|2.1260845180499532|61.868829362668635
Catania,Collina,3027,58558.2,0.16488,1.31613,0.95701,0.73664,0.22252,0.20699,40.01,10.13,0.32,lognorm|1.1708586701961914|0.01445572552118494|4.474299610324119,lognorm|1.2432004066575624|0.012694448656680297|8.712689502728985,exponweib|0.8311614072484323|4.642326740506403|4.659688734907661|64.79833213291147
Catania,Montagna,351,6493.9,0.08125,2.10776,3.41232,0.5361,0.14187,0.19924,51.6,8,0.33,betaprime|2.957570788504521|1.27561667822599|0.00439288676866415|1.0896905174938443,betaprime|1.8597771220236612|1.0786962693341906|0.2339654825938931|2.8181367226412064,weibull_min|4.251466693843669|-0.7260154048971641|67.39652895635088
Catania,Pianura,339,12808.6,0.27802,1.70938,1.33775,0.39245,0.3382,0.08638,63.7,10.55,0.31,betaprime|1.849729447825382|1.7942863509364864|0.03728227946605321|7.900202457117538,invgauss|2.4897527411527856|-1.2559716407844876|16.589761199906356,weibull_min|4.197748985357772|1.0049343495483463|65.18285487768918
Catanzaro,Collina,401,6260.9,0.02774,0.86094,1.49873,0.34092,0.62333,0.09447,35.05,4.15,0.31,betaprime|1.4739569001146768|1.5785044427591277|0.007329660398593476|1.9027010090351169,betaprime|1.8864092105123724|1.0156834409956783|0.1911787325386523|1.97016852061997,weibull_min|4.652209195493368|1.1261904124932873|66.68390154350544
Catanzaro,Montagna,44,312.8,0.08125,1.59599,3.41232,0.5361,0.07342,0.19924,40.87,5.39,0.32,betaprime|1.3007527117839865|1.3891034560713904|0.0010829817522190323|0.9290908295988464,exponweib|14.12828015900622|0.32389064083160746|0.018222329077651006|0.11862923584160581,weibull_min|3.9798032960429235|1.4439281601858491|62.494474991279425
Catanzaro,Pianura,34,285.4,0.01441,1.13799,0.31987,0.19132,0.4194,0.62643,35.31,7.2,0.44,betaprime|1.9483455023287464|1.2309441300627308|0.05188233988269721|0.6223271663727071,invweibull|1.088190713660079|-0.382366150551243|2.1448545277398594,weibull_min|4.125562775717055|-0.27648655418075585|64.16603520389478
Chieti,Collina,3024,31369.8,0.06061,0.36237,2.8834,0.50858,0.12858,0.16243,73.54,9.04,0.39,lognorm|1.0734667069292405|-0.0038104495762269312|2.141057759464547,exponweib|12.215205906223176|0.38746370477015096|0.04868822291837295|0.37379031934302787,exponweib|1.3247869797633105|5.673319597602889|-15.674128746849648|80.40484200646239
Chieti,Montagna,209,4228.5,0.05726,0.35546,3.41232,0.52972,0.28343,0.19924,79.93,11.14,0.38,invgauss|2.438211083463656|-0.16194472245429947|2.1733542539644244,lognorm|1.1432645184930088|-0.009417252847458932|10.455901496548403,exponweib|0.8968784753728771|4.596911810434738|3.758443140548305|61.83760125960717
Cosenza,Collina,1115,16833.2,0.04259,0.86094,1.49873,0.30747,0.62333,0.09447,56.06,8.02,0.31,betaprime|2.158256177339067|1.527974903902582|0.005483141841886495|1.1844914655232248,invgauss|2.3356962189534904|-0.44849529217460377|6.324770451847,exponweib|0.926352813439503|4.690019942201776|2.0455765335035454|64.99162683642217
Cosenza,Montagna,375,4145.6,0.02264,1.59599,3.41232,0.56415,0.07342,0.19924,41.79,5.11,0.28,betaprime|1.8699101805870944|1.526388672345758|0.004257546345290371|1.1660872978505366,invgauss|3.178922419469761|-0.0038061552816728724|3.4581725172981717,weibull_min|4.691372119659359|1.3653374287807263|65.02951489949456
Cosenza,Pianura,218,4221.1,0.27802,1.13799,0.31987,0.39245,0.4194,0.62643,43.83,5.72,0.3,betaprime|1.9540481865198203|1.3648624862635597|0.008424254341271257|1.101365481166598,invgamma|0.9566531987071394|-0.32783924411983645|3.48581587729158,weibull_min|4.75187681393199|-0.06394422312986711|68.70901430543668
Cremona,Pianura,164,9469.9,0.03726,5.1572,1.33775,0.2361,0.18632,0.08638,64.88,8.23,0.15,betaprime|1.1958659627062649|287208.4962302495|0.0027889709296729966|2311733.6149378745,betaprime|0.8832496518839977|15.94006286386239|0.0016238921922601287|966.7027938085926,weibull_min|4.648825397641247|-0.7987282200116286|66.86923452115639
Crotone,Collina,232,4703.4,0.02774,0.86094,1.49873,0.34092,0.62333,0.09447,35.6,5.39,0.31,invgamma|1.2953930724048406|-0.26591202584048207|2.065127159536484,invgamma|1.0593650466621776|-0.3862391788357697|4.473228362726017,weibull_min|4.210049722351643|-0.3363448297933359|67.09171631647452
Crotone,Montagna,61,1659.9,0.03784,1.59599,3.41232,0.63729,0.07342,0.19924,39.41,4.47,0.3,betaprime|1.4172985852001867|1.4630751697269784|0.005033869615340042|3.1849052572937815,betaprime|2.299578842506069|0.9182395714738616|0.26994901776751806|2.222604952564633,weibull_min|3.4728613885942137|-1.8801562406061618|64.10911707406315
Crotone,Pianura,982,17697.4,0.27802,0.92302,0.31987,0.39245,0.43063,0.62643,43.83,5.95,0.32,lognorm|1.0754105458870145|0.016497849687480397|3.8582486010701365,invgauss|3.213361945747195|-0.0007118561990985588|5.564035512794726,weibull_min|4.266576419037016|-1.0083737396547399|67.00877318103602
Cuneo,Collina,88,1511.8,0.14835,1.4739,1.49873,0.52542,0.14158,0.09447,75.78,11.78,0.22,invgauss|2.582157781036813|-0.009878814688058568|1.2938538609974914,lognorm|1.0685801156894281|0.023143801702093743|9.69062140895691,weibull_min|4.266850412183606|2.506911214176009|59.71903930545645
Cuneo,Montagna,22,257.8,0.08125,1.59599,3.41232,0.5361,0.07342,0.19924,78.52,9.12,0.18,betaprime|1.029867743559832|38.596626613796246|9.724492551811058e-06|57.68535921403834,betaprime|1.241532876367662|1.392696110525538|0.03761263063960178|5.695314013185451,gamma|13.358445647026866|-1.4866131889743304|4.025524407091673
Cuneo,Pianura,127,2643.8,0.01698,0.52838,1.33775,0.67641,0.24362,0.08638,74.53,12.36,0.14,lognorm|1.1853837566918668|0.004345141707198799|2.930630263165914,expon|0.0039519553148769|20.907074276867128,weibull_min|4.754620256589492|0.49111720243931495|61.658128128779516
Enna,Collina,3230,69413.9,0.16488,2.63277,0.95701,0.73664,0.3038,0.20699,46.07,7.01,0.38,lognorm|1.140649040773407|0.009696465932524111|4.6431896252416545,invgauss|3.272000800055555|-0.01857541252268722|6.746405109352171,weibull_min|4.349394941516872|-2.3821971444121104|68.82044676447006
Enna,Montagna,718,20685.9,0.08125,2.10776,3.41232,0.5361,0.14187,0.19924,35.61,6.95,0.37,betaprime|3.242741332792909|1.4193602426105267|0.008462314740095057|1.1181674556683638,invgauss|2.750635944243383|0.03147152037648518|10.798100337571327,weibull_min|3.8175596916883237|0.27410485273019886|63.074752596490626
Fermo,Collina,1168,22971.9,0.0363,2.08038,0.45103,0.88655,0.30317,0.11255,69.87,9.25,0.25,betaprime|4.257113876319668|1.4469112690064025|0.009224287054772837|1.0696346514882347,betaprime|11.481154071083878|1.0745428160894468|-0.1907763816525907|0.49451421934367956,exponweib|0.9708272227956323|5.0118678394762926|-0.011580991258031765|70.08818422660588
Ferrara,Pianura,1155,81032.8,0.1541,1.608,0.2462,0.37199,0.18028,0.22683,79.41,11.15,0.17,invgamma|1.7328019289349559|-0.3967685971277913|10.052071437181723,betaprime|1.4920470186435764|1.6957409180831138|0.24537280735247932|33.09942981475586,weibull_min|4.938289691752498|1.2275413271266271|66.01297807152417
Firenze,Collina,143,10067.8,2.19159,0.80747,2.29604,0.08711,0.2591,0.25899,36,11.7,0.31,betaprime|1.1424838977820828|1.2730454326892435|0.0204170726618971|4.63328208279346,betaprime|1.1539081315137183|1.2000250594359037|0.07016683198528983|20.57170759602638,weibull_min|4.187102928570859|0.5641270079357995|65.00774602510621
Firenze,Montagna,17,321.6,0.02171,2.19669,3.41232,0.47398,0.1774,0.19924,58.93,7.29,0.47,invgauss|2.152555966853658|-0.001077416336083977|2.542596721959778,invgauss|1.4425660665031037|-0.01335560707092429|13.13850049606528,exponweib|1.2279525631771784|5.626243519250798|-7.846867085190366|71.47360176692652
Firenze,Pianura,19,550.7,1.77598,0.42043,1.33775,0.12283,0.26295,0.08638,31.9,5.46,0.58,betaprime|1.4973241050534025|1.6904335812016624|0.02102561526020351|2.373651550490192,betaprime|2.4746655663627997|0.7892537923760055|0.1673548230626983|1.2269189040684387,gamma|11.672007814354522|18.007912363421745|3.621886434094619
Foggia,Collina,6325,118026.2,0.19742,1.93714,1.49873,0.52893,0.34444,0.09447,66.45,8.48,0.36,exponweib|16.86732232874232|0.3156958585194507|-0.01997247928208421|0.140313552484715,lognorm|1.170503852870078|-0.029277272109483082|9.577381370811798,weibull_min|4.750207028309632|0.6210728812040677|66.23214974967678
Foggia,Montagna,999,13253.7,0.08125,1.59599,3.41232,0.5361,0.07342,0.19924,44.59,6.48,0.39,exponweib|9.19455863714484|0.391107591054767|0.06957841635447154|0.3320188396710375,lognorm|1.0981130388953049|0.03622185546783052|6.900750021788108,weibull_min|5.172393701406339|-0.609391461509029|68.09707343186493
Foggia,Pianura,9956,202773.8,0.02773,3.2925,1.55287,0.28684,0.18132,0.21911,78.2,9.82,0.33,lognorm|1.102805357436161|0.019891643678074337|5.727332760295696,lognorm|1.1662198092633593|-0.003278281638938283|9.912038553040844,weibull_min|4.718511743735279|0.5484851708892999|65.88250519403624
Forlì-Cesena,Collina,82,4657.2,0.05687,2.21637,2.65735,0.56618,0.24712,0.12295,68.55,12.36,0.23,lognorm|0.9473904385789228|0.0005074073027242884|4.507293750157818,betaprime|1.5139728574291134|1.5847198716041202|0.08867484586118327|24.970113984334475,weibull_min|4.712599240545812|0.1389438657475423|67.70658064811514
Forlì-Cesena,Pianura,199,7109.7,0.0682,0.67827,1.09846,0.36868,0.19643,0.35959,75.08,11.36,0.19,lognorm|1.2066182508342131|-0.00954288312929916|3.331216087283397,betaprime|1.9438390160376375|0.9061791532995487|0.3877290013771021|3.081137670907451,weibull_min|4.460169762240973|0.029133602159180004|68.43382904219936
Frosinone,Collina,291,2235.4,0.18062,0.3279,1.49873,0.27772,0.1177,0.09447,51.67,16.4,0.43,betaprime|2.1171344207157756|2.143955771279696|-0.0003568278919690961|1.032452307339291,exponweib|20.27856055748661|0.32643073566542213|-0.040063561528382155|0.09799804647006495,exponweib|0.9787552030590718|4.646042575624996|1.2363347418475512|64.32491533317938
Frosinone,Montagna,69,555.5,2.64197,1.59599,3.41232,0.11541,0.07342,0.19924,36.05,9.62,0.23,betaprime|1.6830570434154009|1.9135627054219049|-0.0017824616928801928|1.0435714601507553,invgauss|1.5931376241079387|0.004858672815502641|5.049327118128895,weibull_min|4.494495907613851|-0.1914840040623633|61.72507409848713
Grosseto,Collina,1074,36076.7,0.0343,1.55077,2.29604,0.41604,0.25923,0.25899,47.24,7.86,0.31,lognorm|0.9782495424275804|0.01869342086677498|5.57942750245364,exponweib|9.51480319971979|0.4279980986648698|0.25178865511018994|2.0919711861696393,weibull_min|4.71204037327867|-1.1006468726115721|68.04689310514419
Grosseto,Montagna,45,1640.7,0.02171,2.19669,3.41232,0.47398,0.1774,0.19924,50,7.87,0.29,gamma|2.0149527719733884|0.03161284156169632|4.2004710964688385,lognorm|0.8458026026496991|0.057378811182410755|26.426254305994867,exponweib|1.0780189173142538|4.777408199323626|-1.336081533149943|66.72133629771548
Grosseto,Pianura,351,11909.3,0.27802,0.42043,1.33775,0.39245,0.26295,0.08638,60.06,10.24,0.31,betaprime|4.502389609558202|1.637132098186973|0.2744192502304277|2.0141449684925368,invgauss|2.3112286084208007|0.008486159470645441|14.714666397294478,weibull_min|5.021821453687513|-0.9577347514959473|69.29502411929147
Isernia,Collina,67,702.8,0.05758,2.58237,1.49873,0.72806,0.25002,0.09447,78.2,9.31,0.21,invgauss|2.8802903377359463|-0.0030111513260477323|1.0825246174756091,betaprime|1.3903507241480884|1.567949577815488|0.036210985385277464|5.311394342769056,weibull_min|5.297301283903801|-0.7866644149047837|65.25742475292617
Isernia,Montagna,229,4057,0.0152,1.59599,3.41232,0.48963,0.07342,0.19924,33.4,5.68,0.39,betaprime|1.268116501542146|1.3596167877713243|0.004225012230398173|1.3352818204804082,weibull_min|0.7982116182652184|7.195000311271878e-05|15.786333110505403,exponweib|1.1054060937923382|4.261466741223528|-2.740046686728791|64.99706148548913
L'Aquila,Montagna,329,9972.9,0.09712,0.59179,3.41232,0.56351,0.28506,0.19924,47.84,12.45,0.24,betaprime|1.1773183431518213|1.31787595606011|0.005061277146177578|2.300945049088144,betaprime|1.2457788450489147|1.3692410851702514|0.021260828523254893|11.344423165792186,weibull_min|4.116088184873222|0.3184850678305947|61.42346260760251
Latina,Collina,78,840.4,0.18062,0.3279,1.49873,0.27772,0.1177,0.09447,80.45,10.13,0.27,betaprime|1.7506066250900436|1.4293197627981402|0.005034381758410103|1.0631131506480225,betaprime|1.4381396137518834|1.5982899800374453|0.0452084195094988|4.8466587988262795,weibull_min|4.466232199749247|-0.7586542139214228|68.81282968534931
Latina,Pianura,172,2110,0.13561,1.58318,1.33775,0.70073,0.25602,0.08638,77.3,10.51,0.3,lognorm|1.1051365156862796|0.007644089514954202|2.5711233385245986,betaprime|4.622560413203634|1.1815340243679315|0.003605331296019091|1.017483911338998,weibull_min|4.553636191904669|0.8164648477339871|66.1982286085494
Lecce,Pianura,3859,36106.2,0.02604,0.60573,1.55287,0.52995,0.48258,0.21911,50.24,9.39,0.35,betaprime|2.2589104773285555|1.6806760864508512|0.005876678015083224|1.0063372931956414,invgamma|1.057914389420271|0.025487217111541692|2.2726063763479836,weibull_min|4.482718692476603|3.4463765340284898|64.73924184333828
Livorno,Collina,487,14394.7,0.03546,0.73855,2.29604,0.46189,0.16196,0.25899,68.55,10.07,0.29,exponweib|12.076998161798427|0.3497176232120872|0.019251014995706077|0.24661992902237695,betaprime|10.904074893567078|1.1252334925681549|0.027479994503974203|0.8943652254074373,weibull_min|4.954952940342171|0.27561657771272097|67.68716803132298
Lodi,Pianura,33,2266.9,0.19346,7.60171,1.33775,0.4666,0.09154,0.08638,80.84,9.96,0.18,gamma|1.007531819985684|0.000562892680181087|12.834836682930863,weibull_min|0.9996647602572571|0.012884852565034799|69.06480598300683,weibull_min|4.064101603087798|3.448052896093687|61.31190650589173
Lucca,Montagna,16,116.6,0.02171,2.19669,3.41232,0.47398,0.1774,0.19924,58.93,7.29,0.25,invgauss|2.8285171841796126|0.001428472390046424|0.8646222232666277,invgauss|1.7370186439588604|-0.008694079363024207|4.187808079679225,weibull_min|4.257362738775024|0.3750925907118182|59.16055432466838
Lucca,Pianura,38,1069.1,0.27802,0.42043,1.33775,0.39245,0.26295,0.08638,60.06,11.02,0.26,betaprime|2.1528235706772523|1.1649353524304127|-0.008195524054144074|0.9659253527265036,betaprime|1.049186455324785|1.202851382530366|0.013902651355277061|10.574324683851879,weibull_min|5.397773247183645|0.13495605651500825|67.5248701095237
Macerata,Collina,2776,68118.1,0.12818,1.43597,8.23296,0.31923,0.12976,0.76367,73.57,11.01,0.28,betaprime|4.42553841559722|1.4163730781100587|0.047463948804677095|1.1629616998405365,betaprime|1.5166555111445958|1.7691555583830887|0.09230649121715656|12.648753477346615,exponweib|0.9242243466479079|4.7648296658749905|3.04044268664338|66.80111589150331
Macerata,Montagna,80,4581.9,0.00385,1.42337,3.41232,0.70615,0.17245,0.19924,62.36,8.73,0.22,betaprime|1.495886351124243|1.7622013617046433|0.03457770293055057|5.279805499075099,betaprime|1.2310335909913257|1.3402267846540767|0.07418259412776279|24.475475898013748,weibull_min|4.432327862819539|-1.3321621476096872|65.80753462306892
Mantova,Collina,23,465.9,3.22419,1.4739,1.49873,0.05509,0.14158,0.09447,57.5,9.69,0.26,weibull_min|1.3462030798011897|5.513647714210246e-05|5.341147852961833,weibull_min|0.9928339722665627|0.0004550284059125999|20.28921286901427,weibull_min|6.005398350281478|0.7376772288063188|63.61300364530331
Mantova,Pianura,565,26413.9,0.05332,0.55084,1.33775,0.4498,0.12094,0.08638,79.39,9.96,0.16,exponweib|11.358149341491256|0.3708039020029865|0.019784003396032264|0.3580174240416456,lognorm|1.2107690024150795|0.010770495311360864|23.371517583006884,weibull_min|5.076156520473242|-0.7170323328418704|67.25866467416795
Matera,Collina,3285,95030.7,0.05539,1.572,1.49873,0.44415,0.24563,0.09447,51.84,7.16,0.35,invgauss|2.4448413797558644|-0.38840225093847297|5.333531788081973,betaprime|1.3818257401354888|1.6021642651597792|0.08615858287676945|15.436348015421048,weibull_min|4.267675871797435|1.0108502724238773|63.72386048968888
Matera,Montagna,92,1711.3,0.99529,2.74361,3.41232,0.01092,0.83075,0.19924,22.2,7.19,0.3,lognorm|1.005096348727041|0.01586643680847095|3.8634896687328073,invgauss|2.0652312533557176|-0.015223459993148915|9.027300473000025,weibull_min|4.316800107601244|0.5439765079642456|59.792170903388865
Matera,Pianura,1370,22730.7,0.02642,1.59599,1.33775,0.32547,0.07342,0.08638,41.55,8.16,0.3,exponweib|15.506290020132639|0.32712575847185643|-0.006564527953373041|0.10594318177547263,invweibull|1.0745717734517606|-0.45816259851144936|4.898701707730509,exponweib|1.0583164306028827|4.326025110236366|-0.4768613810620034|64.70272848984025
Messina,Collina,329,1967.6,0.16488,1.31613,0.95701,0.73664,0.22252,0.20699,72.99,9.78,0.35,betaprime|3.1233705576397384|2.254719108150673|-0.002076112448398634|0.9375075354782356,betaprime|3.8862413986763293|1.9028565400216184|0.058087930741370336|1.3334551664464263,weibull_min|4.598673336745655|1.8759954024652814|65.38602593520338
Messina,Montagna,536,10529.6,0.08125,2.10776,3.41232,0.5361,0.14187,0.19924,51.6,8,0.29,betaprime|2.3379676503610574|1.3193345051355228|0.007968598066295827|1.0341035094465847,betaprime|2.5164097599135524|0.9222601819384094|0.14773259130127675|1.4466319788263187,weibull_min|4.060170798753086|-0.031931480605898704|64.74218268997487
Milano,Pianura,132,4340.7,0.19346,7.60171,1.33775,0.4666,0.09154,0.08638,80.84,9.96,0.39,exponweib|1.3020267636103582|0.6879626832221046|7.076789718375339e-05|6.789800609364874,betaprime|1.2212643512237578|1.2153227463670762|0.01606475237934024|11.184613156186568,weibull_min|4.295861152712026|-0.17180099831252854|64.71120893595881
Modena,Collina,25,644.9,0.14835,2.21637,2.65735,0.52542,0.24712,0.12295,75.78,10.99,0.32,invgauss|1.824929740791772|-0.00332659140820992|2.4408210653912823,invgauss|1.9061889685928772|0.14449621149759578|13.391827912784535,gamma|10.743344362163967|-1.2804234688201244|5.265315967394226
Modena,Montagna,20,448.9,0.08125,1.59599,3.41232,0.5361,0.07342,0.19924,78.52,9.12,0.25,exponweib|12.677083812654365|0.40633797099175883|0.00032412453215625343|0.11076054038058479,invgauss|2.7541910576786934|0.007322535953587655|8.064506959034535,gamma|13.310303105032979|0.5477127381394213|4.167816112005703
Modena,Pianura,161,7996.9,0.56197,0.32747,1.05509,0.40164,0.1663,0.10146,71.87,7.64,0.22,lognorm|1.0385348214552146|0.010153612962367671|5.2588289424682735,betaprime|1.2930266530689312|1.378365709961963|0.11035073706821921|21.439324369305076,weibull_min|5.127246531369343|-2.358995964487596|68.89511713333317
Napoli,Collina,81,4402,0.05824,1.01292,1.49873,0.95537,0.24202,0.09447,60.33,8.44,0.43,lognorm|1.9842049888935553|-0.00022051055013705433|6.179242448464352,lognorm|1.7941974999922605|0.00036071712576402136|14.532822240573454,weibull_min|4.723643027743688|1.556867701748843|67.86213698616248
Napoli,Pianura,69,1112.3,0.02334,1.21873,1.33775,0.51369,0.09465,0.08638,45.05,12.58,0.25,betaprime|10.757861808050926|1.2905608125973003|-0.16399649026595253|0.26873876647890105,betaprime|1.4754683274748754|1.6748668889182299|0.06461304826290226|8.603557672910032,weibull_min|5.047601580140702|-0.8565963615340637|67.04548819760514
Nuoro,Collina,130,4219.5,0.14835,1.68074,1.49873,0.52542,0.29759,0.09447,47.46,6.66,0.3,betaprime|1.4086681870483537|1.478245900549934|0.011369872462891945|2.538167682998238,pareto|1.2707828481141046|-15.235662017113892|15.266164916664147,weibull_min|4.2085417601382265|0.9089952421111029|63.14445902674496
Nuoro,Montagna,30,1534.7,0.08125,1.59599,3.41232,0.5361,0.07342,0.19924,78.52,9.12,0.2,lomax|6980011190.479676|0.00034702988607868937|53084872584.76665,exponweib|0.9267861693684829|1.041927680876135|0.0014048907123781736|55.03024973496224,gamma|9.73820141579165|-0.1904962626475398|5.256849431224529
Oristano,Collina,243,7631.4,1.5389,1.68074,1.49873,0.14869,0.29759,0.09447,22.33,4,0.28,betaprime|1.4557527751384947|1.774324619959135|0.034432566106403606|3.3701143782269254,betaprime|1.4718943357396999|1.6985936389313019|0.08633338952170452|18.557021727899816,weibull_min|4.263603025093234|-0.1774818812550751|65.805737382731
Oristano,Pianura,393,11252.1,0.27802,0.90704,1.33775,0.39245,0.36463,0.08638,49.15,8.64,0.19,betaprime|1.5781605563756353|1.9117227982373532|0.04005820310923938|4.373399746557464,exponweib|13.965327434547266|0.32060523033851307|-0.09213772120883222|0.4834845471790509,weibull_min|4.376040376747452|0.32588311681063786|62.68166635891272
Padova,Collina,39,547.1,0.14835,1.4739,1.49873,0.52542,0.14158,0.09447,74.01,7.11,0.28,exponweib|1.044715058188208|0.9841583231909017|0.0008291755294927847|3.7575621496244644,invgauss|2.406917269521537|-0.45018771335396|6.628630636278968,exponweib|1.0410066578101647|4.504382889389317|-0.13297830009050043|65.73217353666556
Padova,Pianura,487,10636.2,0.01753,1.99854,1.88266,0.50852,0.13768,0.18019,81.57,12.74,0.28,betaprime|3.235417585062997|1.437405740904888|-0.010802931724232686|0.9574623977904054,betaprime|2.309083151531042|0.8710300041016037|0.18002142981269215|1.5016266054998622,weibull_min|4.675880798670078|2.6886446160029127|67.94418075867836
Palermo,Collina,3649,60406,0.01708,4.7453,0.95701,0.60277,0.24737,0.20699,84.55,9.16,0.37,invgauss|1.6121466061168572|-0.22162441792046517|3.969889024809822,invgauss|2.5930670121932766|0.0030081424427468115|6.326596017116211,exponweib|1.1955702446012473|4.230775296178599|-4.624383455181839|70.26192613267554
Palermo,Montagna,2896,64335.2,0.08125,2.10776,3.41232,0.5361,0.14187,0.19924,51.6,7.89,0.36,exponweib|13.537606455311504|0.3394496648546639|0.01293779595762415|0.1537598468380214,invgauss|3.018703711952662|-0.011995258679497852|7.420945764609025,weibull_min|4.414036504434375|-2.028209333498226|69.44588348670848
Palermo,Pianura,592,16019,0.27802,1.70938,1.33775,0.39245,0.3382,0.08638,41.8,10.01,0.33,invgauss|2.4573477369587398|-0.28871944372833647|4.144762525853601,betaprime|1.525615062728356|1.558797545572074|0.07534237494444822|11.7736982860363,weibull_min|4.346624983284995|-0.23003929281624658|66.47487622973443
Parma,Collina,189,10399.8,0.14835,0.16444,2.65735,0.52542,0.25615,0.12295,75.78,12.56,0.19,lognorm|1.0770099357509029|0.031099654926238864|5.052138225570769,lognorm|1.130079273713111|0.09818112789212809|30.895740895188915,weibull_min|4.257005881325413|-0.47433460544219896|63.022278458969524
Parma,Montagna,22,961.5,0.08125,1.59599,3.41232,0.5361,0.07342,0.19924,78.52,9.12,0.14,betaprime|1.3062906166530044|1.4488565295172435|0.007344052441090539|2.363015012584083,exponweib|1.333751980098553|0.6386865325905355|0.00024731516338039993|24.952266996587134,weibull_min|5.2823710717941035|-0.29396856413046213|58.90667591106828
Parma,Pianura,277,16363.6,0.04617,1.38838,0.97977,0.11786,0.13574,0.13892,77.67,12.03,0.16,lognorm|1.0833719237063664|-0.014375417544894395|7.314052963508445,gamma|1.1470431373418497|0.02282931861650107|50.9907290506555,exponweib|0.9000230817909457|4.346998283224251|3.2302555672941593|62.43630585307503
Pavia,Collina,70,2960.3,3.39343,1.4739,1.49873,0.17232,0.14158,0.09447,49.6,8.94,0.21,lognorm|1.0971721094222815|0.009057182637857904|4.664193183574382,betaprime|1.0278955386720685|142.83087258738146|0.0013711535286790913|5869.443568926024,weibull_min|3.958020421419384|0.0023082203264236396|63.575241604485
Pavia,Montagna,10,289.1,0.08125,1.59599,3.41232,0.5361,0.07342,0.19924,78.52,9.12,0.3,betaprime|1.348444319120683|1.3704335118830688|0.0054674516027496504|1.865879124675215,invgamma|0.8836930343455225|-0.3298267844986208|4.799052994938188,betaprime|18.723957159931935|451.46001775838465|-4.974495866596254|1381.605696493848
Pavia,Pianura,155,8127.7,0.19346,0.14052,1.33775,0.4666,0.7487,0.08638,80.84,12.65,0.22,betaprime|1.5191858959371705|1.7911920459291064|0.05007883455530018|5.838147558846831,exponweib|1.0716882285498304|0.8018098478989297|0.0004066493204777607|41.20613485282796,weibull_min|4.497420131242734|2.160490982794345|64.62402298571627
Perugia,Collina,880,35881.2,0.02747,2.58423,1.49873,0.34091,0.26996,0.09447,70.56,9.13,0.25,betaprime|1.4650006421589117|1.7038211479612484|0.05547986156649158|5.108041447891598,betaprime|1.2462297872569066|1.3016717201370396|0.03950943424774357|16.248119400809536,weibull_min|3.8472335175987182|2.248724885100053|62.74068613498483
Perugia,Montagna,192,4341.2,0.03703,1.93265,3.41232,0.96685,0.47363,0.19924,65.64,11.18,0.31,betaprime|2.640782530931946|1.3610373322196239|-0.006105515298730435|0.9503401973373066,invgauss|1.95996912731552|-0.8414503000721592|12.315930950910175,weibull_min|4.15894581097651|0.697917786988752|64.4041731623166
Pesaro e Urbino,Collina,2321,66416.5,0.03047,1.87154,0.45103,0.64576,0.19308,0.11255,70.08,9.87,0.26,lognorm|1.1669109942008062|0.016209285854551597|4.697794371788083,betaprime|1.3882290275489322|1.4106969320663114|0.04777961979686536|10.936340167546058,weibull_min|4.583424963744227|0.4589315536077103|68.42797980778403
Pesaro e Urbino,Montagna,159,7034,0.01528,0.70596,3.41232,0.4535,0.22771,0.19924,50.74,6.25,0.25,exponweib|13.639677460419065|0.33720063295989566|0.004420876573244147|0.19724309318093158,betaprime|1.497754030437761|1.7771926528499664|0.19260256558571354|22.68859439531852,weibull_min|4.957357186727192|-2.4369374077411257|69.36961902299916
Pescara,Collina,1030,14192,0.07482,1.89967,2.8834,0.43765,0.11667,0.16243,75.61,10.8,0.3,lognorm|1.0748439368477345|1.2684471727349175e-05|2.449988031466151,betaprime|5.371980386361878|1.4873853214932653|0.12637256211377668|1.5707248590490728,weibull_min|4.843247362241611|-3.046544910474637|68.84936373815012
Pescara,Montagna,129,1618.4,0.01622,0.88591,3.41232,0.36244,0.17874,0.19924,40.21,5.24,0.27,exponweib|12.157604744953218|0.3601617280718451|0.0017141477672735065|0.10057216752739248,lognorm|1.01397525189542|0.5106642104276365|7.346504439689152,exponweib|1.0187097779721928|4.273331971056789|-1.0620500433805902|65.85085244129587
Piacenza,Collina,162,11918.7,0.14835,2.70382,2.65735,0.52542,0.08502,0.12295,72.86,8.13,0.12,lognorm|1.1071608450849506|-0.00020299878350121025|7.758301921517422,exponweib|10.94852017971925|0.36056058812209235|0.2875080702138876|2.406047207676812,weibull_min|5.063073983705602|-1.363142689730891|62.88205450906932
Piacenza,Montagna,17,661.5,0.08125,1.59599,3.41232,0.5361,0.07342,0.19924,78.52,9.12,0,lomax|53.31219779537325|0.0022951876048841967|289.14035542580973,weibull_min|1.4525721885712062|0.005282717690631954|43.718218009526275,exponweib|2.9113328108911367|1.5414399670515209|3.639064991805333|31.523468638025207
Piacenza,Pianura,146,13704.1,0.56197,0.33831,1.05509,0.40164,0.24991,0.10146,69.17,9.77,0.13,betaprime|1.0264633072209532|61823.63254706755|0.0009442713190531697|1050978.1740908406,exponweib|1.2629734489991167|0.9785360627951394|0.0036679564595433313|80.09094460183509,weibull_min|4.739173608689752|0.9831900310833181|60.2330721148102
Pisa,Collina,509,30882.5,0.09269,0.36856,2.29604,0.63545,0.1644,0.25899,56.17,8.45,0.28,betaprime|1.3972591002296102|1.6688589080317509|0.08728340999882164|11.496320225562869,lognorm|1.1639464351686644|-0.015283001655250074|32.35619014042207,weibull_min|4.5018708622361885|-0.871213075752659|66.15362528882451
Pisa,Pianura,139,10823.5,0.03007,0.42043,1.33775,0.49817,0.26295,0.08638,60.67,8.59,0.17,lognorm|1.2295058221508803|0.021449969843571625|9.117230076232554,exponweib|0.99981063350508|0.8081034520689148|0.0008797191072519767|67.8487642975155,weibull_min|4.499001319512141|1.2974999753245129|64.78844932015384
Pistoia,Collina,14,397.5,0.0343,0.80747,2.29604,0.41604,0.2591,0.25899,67.73,9.62,0.21,betaprime|2.110505605025765|0.8380387073987431|0.06731285441823132|0.49627837029576216,pareto|0.7783297327834539|-2.1750257112873723|2.291961890420412,gamma|11.240149270963737|-0.01700307095845212|5.48818002359374
Pistoia,Montagna,10,87.6,0.02171,2.19669,3.41232,0.47398,0.1774,0.19924,58.93,7.29,0.5,gamma|0.9910414772729317|0.00030426410771899995|2.5887970782406295,lomax|1109.0589555070464|0.0002304028922189656|9896.244025551256,weibull_min|3.2724098656954324|1.5135073859478005|63.71292337443661
Potenza,Collina,4376,89319.5,0.03837,1.68049,1.49873,0.64508,0.33758,0.09447,75.49,7.16,0.35,lognorm|1.1769622863640814|-0.0022122966570365713|5.333836103040242,lognorm|1.1913144775183269|0.017585176410001315|10.230244723453394,weibull_min|4.3658505052952785|-0.7293326826418294|66.88669660733274
Potenza,Montagna,2706,47510.5,0.08125,2.23181,3.41232,0.5361,0.68809,0.19924,69.71,7.87,0.45,lognorm|1.1529514500478508|0.012514219212958082|2.24764050939184,lognorm|1.1555355739809277|0.015611940896902335|8.635980914861944,weibull_min|4.599686290987583|-1.100766060601634|66.28199775339033
Ragusa,Collina,1419,28275.3,0.16488,0.768,0.95701,0.73664,0.48104,0.20699,53.22,10.89,0.29,lognorm|1.045158539245955|0.01313201969840526|3.2049171124330496,invgauss|2.3252635627883427|-0.6177511994719745|9.025756645149286,weibull_min|4.607778114187305|-1.434280700390739|68.1410773524373
Ragusa,Pianura,279,3715.1,0.27802,1.70938,1.33775,0.39245,0.3382,0.08638,63.7,10.55,0.29,betaprime|3.560299835210209|1.717442646814679|-0.007350526156826837|1.0077561722182824,betaprime|9.817907109117805|1.1809646384012153|-0.15337209223709333|0.4471759284945126,weibull_min|4.282595743349265|0.49967477465298504|65.57781166816355
Ravenna,Collina,26,829.5,0.14835,2.21637,2.65735,0.52542,0.24712,0.12295,75.78,10.99,0.23,betaprime|2.6910530078411012|3.6967575770184653|0.12653900357077175|5.9940262592060325,weibull_min|1.4225599535345181|0.08600621675751519|35.12710529475908,gamma|12.452408642651076|2.9044028416133414|4.31261680373866
Ravenna,Pianura,898,48532,0.15698,1.67589,0.38668,0.21538,0.06509,0.05595,79.65,9.09,0.12,lognorm|1.0453071996508831|0.025263125884779948|4.528281046177252,betaprime|1.4528977363941675|1.5320554496697023|0.13431850667441672|19.920051499843016,weibull_min|4.830061269708763|-0.779001305997582|68.08411459775039
Reggio Calabria,Collina,278,2561.7,0.02774,0.86094,1.49873,0.34092,0.62333,0.09447,47.31,8.68,0.28,betaprime|1.823391486695196|1.7698317597267978|0.002113659371620785|0.9802760396962316,invweibull|1.1633632272353285|-0.10112203387304028|2.30906712135039,weibull_min|5.337751533854464|-0.46896636895068916|69.67913160372234
Reggio Calabria,Montagna,142,1317.9,2.5125,1.59599,3.41232,0.30872,0.07342,0.19924,27,6.72,0.32,betaprime|1.8657694430973077|1.976475571057855|-0.001098655175006715|1.019056543448675,betaprime|4.309882153168999|1.368142447700384|-0.014096526657501402|0.8162431910948466,weibull_min|4.759662024305394|-0.6008783358049175|67.75010409338043
Reggio Calabria,Pianura,38,192.1,0.27802,1.13799,0.31987,0.39245,0.4194,0.62643,43.83,5.99,0.21,betaprime|2.340016454425428|1.7867379385012505|-0.001183896049953287|1.0221883684004456,betaprime|2.931574625891369|1.6608853723255217|0.0373209008056308|1.2792110905342913,weibull_min|4.872877855879011|2.9232856040349002|66.55099229344363
Reggio nell'Emilia,Collina,28,913.1,0.01717,2.21637,2.65735,0.42464,0.24712,0.12295,73.56,11.87,0.25,betaprime|1.4961799391815678|1.7621602384944688|0.014234150239128936|2.894628399713757,weibull_min|1.0072486696050662|0.007369388630796971|33.02515393826466,gamma|13.095848424865657|-3.279260251223916|4.506257477303892
Reggio nell'Emilia,Montagna,11,337.1,0.08125,1.59599,3.41232,0.5361,0.07342,0.19924,78.52,9.12,0.09,invgauss|0.9176143751597143|-0.0003089046851549701|4.856976405460132,gamma|1.0044185275377084|0.004839815121923715|30.568944640728034,weibull_min|7.171108466695852|2.5040652121191305|54.48632936210454
Reggio nell'Emilia,Pianura,106,4340.6,2.37475,1.43242,1.05509,0.08542,0.07157,0.10146,55.45,8.52,0.17,lognorm|1.1517806761370541|0.006142965982367957|3.7732441158251553,betaprime|1.362945975989363|1.4327336336830487|0.059953420159756826|17.305540855025512,weibull_min|4.9440132361285345|-3.2613739897981024|72.85995419320756
Rieti,Collina,69,2540.6,0.01,0.3279,1.49873,0.27772,0.1177,0.09447,45.1,12.72,0.36,betaprime|1.2500342435698606|1.4535334504086|0.014944197007375235|4.424372242262512,invgamma|0.9080914625085128|-0.5009253026231186|6.610941834188235,gamma|15.912673659958205|1.838005958212046|3.680873233418998
Rieti,Montagna,90,1511.4,2.64197,1.59599,3.41232,0.11541,0.07342,0.19924,36.05,9.62,0.38,betaprime|1.9795913324265655|1.4614423368744816|0.0028598161222187102|1.0315231174123873,invgauss|2.549348145907194|-0.5326680111651292|6.570725321564041,weibull_min|3.9561258845500866|0.28349867544729557|62.28382117521077
Rimini,Collina,150,6858.5,0.14835,2.21637,2.65735,0.52542,0.24712,0.12295,67.67,7.12,0.15,lognorm|1.063332286266514|-0.028641511461921104|5.3398703955229285,invgauss|1.9609152469128865|0.03690190464854336|22.955204252809715,weibull_min|4.2972362032981914|-1.6933413757428777|65.35929512127919
Rimini,Pianura,82,2029,0.07188,1.43242,1.05509,0.8655,0.07157,0.10146,56.26,5.56,0.26,invgauss|2.131200799975801|-0.024035825104653536|2.906687180366338,betaprime|1.8228757543284795|1.0910649416283558|0.3791289044788996|4.000862642517181,weibull_min|4.469491989487837|-0.4855693281772151|67.77681116293886
Roma,Collina,430,18149.7,0.18062,0.80145,1.49873,0.27772,0.1497,0.09447,64.18,12.59,0.23,betaprime|1.5150938929767155|1.7510673533626573|0.023695965417470634|6.138722237918389,betaprime|1.372997937677169|1.483968390039335|0.09396484388365639|16.40931326612408,weibull_min|4.767698633227944|-0.4242962171038367|67.5133119284755
Roma,Montagna,19,510.1,2.64197,1.59599,3.41232,0.11541,0.07342,0.19924,36.05,9.62,0.26,betaprime|1.5179237090125883|1.5123678273777172|0.01222167336299377|2.4651142185299806,betaprime|1.3273231436444686|1.401974786786678|0.02115148076468282|12.290324119326375,exponweib|2.3136337468874313|1.947683632951092|13.8368331746315|35.10630494663391
Roma,Pianura,620,45454.1,0.01969,0.36448,1.33775,0.54758,0.29078,0.08638,80.25,10.96,0.31,betaprime|1.5616285519461601|1.6182227451051814|0.017201097701300218|9.67011450111682,betaprime|1.288316853395842|1.5137829032961951|0.13637429690943403|34.979801303784626,exponweib|2.80354941996728|6.753012216253197|-86.70819134253733|139.7032343020797
Rovigo,Pianura,666,33766.1,0.06117,0.63723,2.4846,0.45604,0.15536,0.17163,75.71,6.27,0.19,lognorm|0.959512272231301|0.005067011648419299|6.349193341508946,exponweib|21.471977026503936|0.26758723015820796|-0.2406593767668761|0.2536971851808002,weibull_min|4.512899090196974|0.8349109576133746|64.20079131647535
Salerno,Collina,1050,6914.2,0.02061,1.01292,1.49873,0.76621,0.24202,0.09447,30.22,8,0.35,betaprime|2.018549143728357|2.5313046031867508|0.002468990283591977|1.0618022990760716,betaprime|3.857700230662774|1.7707590323545772|0.03758116022283834|1.2683861512107697,weibull_min|4.2634193930185|2.826334816856739|62.0485444435885
Salerno,Montagna,212,2010.7,0.07719,1.05411,3.41232,0.82203,0.18124,0.19924,76.15,8.54,0.34,betaprime|1.7547389687727224|2.0375834500376073|0.002314040200041907|1.0583985706536378,betaprime|2.8963534196293423|1.4710472456952512|0.039473717744467354|1.441060761250239,weibull_min|4.887198098487183|-1.0064640687828752|67.27638494628052
Salerno,Pianura,197,2281.2,0.27802,1.21873,1.33775,0.39245,0.09465,0.08638,78.65,8.6,0.33,betaprime|1.8704561202165462|1.486940786289567|0.011560007379193596|1.077236338173884,betaprime|3.881274004497195|1.1747138666842447|0.011877818668065095|0.8987987684279821,weibull_min|4.0525287032573685|-0.6011790616301451|64.69004889370788
Sassari,Collina,184,7915.2,0.14835,1.68074,1.49873,0.52542,0.29759,0.09447,34.61,7.76,0.18,betaprime|1.3931045958798265|1.5306501940733481|0.03260894395416153|4.484436440436758,exponweib|1.0176018483506255|0.8513610930053626|0.00032094337723236147|37.52009802855967,weibull_min|3.68768822414551|0.5212987541239003|60.84440026149916
Sassari,Montagna,15,1242.8,0.08125,1.59599,3.41232,0.5361,0.07342,0.19924,78.52,9.12,0.2,pareto|11519152.103124173|-134217727.99927652|134217727.99999999,weibull_min|0.99088276821948|0.0038659437807896995|83.32650499372494,gamma|11.137840261452181|0.07036362989384395|4.2973159032001575
Sassari,Pianura,170,6818.9,1.53754,1.84726,1.33775,0.27859,0.24139,0.08638,22.57,6.24,0.21,weibull_min|1.0131261545083952|0.001616174403819963|9.700247495795715,exponweib|12.233945764904849|0.3272967091319638|0.07854247168586526|0.8719451349384337,gamma|12.706790530025547|-1.5368260805381109|4.597509036136193
Siena,Collina,718,56209.3,0.05076,2.65701,2.29604,0.89127,0.2608,0.25899,57.83,10.22,0.26,betaprime|1.444159535813954|1.6444905487756245|0.09832983718076087|11.877495604622126,betaprime|1.4233895007005277|1.6394716481074032|0.22506824318046034|44.46776715592564,weibull_min|4.184889650506507|1.2653975767924948|63.58430484067012
Siena,Montagna,51,2896.5,0.06308,2.19669,3.41232,0.52978,0.1774,0.19924,50.02,6.9,0.25,weibull_min|0.986938693485047|0.0018421120962612998|17.434050747708476,exponweib|13.400526673440545|0.4451778621100989|0.345723032035836|3.3884472776629293,weibull_min|4.070201973578554|0.7856251496414398|62.01827186870418
Siracusa,Collina,831,19313.1,0.03961,1.07684,0.95701,0.87491,0.43974,0.20699,62.61,11.35,0.29,lognorm|1.1185417165127316|-0.015723758100967402|3.4532331437881765,invgauss|2.906918027622284|-0.6788908612846773|8.605707084090934,weibull_min|4.128957053155572|2.4659391283927476|63.563798075965735
Siracusa,Pianura,353,9873.8,0.00676,1.70938,1.33775,0.9474,0.3382,0.08638,50.32,7.47,0.25,exponweib|23.816928373049656|0.271542476152663|-0.06517669667666809|0.03963901481871807,invweibull|0.9115060588878309|-0.23413507560874197|5.4238397368031475,weibull_min|4.518636760926412|0.45869848560949444|66.72389505096396
Sondrio,Montagna,13,303,0.08125,1.59599,3.41232,0.5361,0.07342,0.19924,78.52,9.12,0.15,invweibull|0.5479015245613914|-0.002159150802875426|0.103334061664086,betaprime|2.0510310660744544|0.8706421663649216|0.12752862922532282|1.1210381470362325,invgauss|0.1377039762246275|26.517138348360263|183.18351662142572
Sud Sardegna,Collina,1282,31562.5,0.14835,1.68074,1.49873,0.52542,0.29759,0.09447,45.15,5.75,0.26,lognorm|1.211226483318862|0.019996433474779335|3.5896752238995813,exponweib|12.83597432775209|0.35005845812932734|-0.004369411835097155|0.6537740060108352,weibull_min|4.492991283015705|-0.09906200366562769|67.36931583056533
Sud Sardegna,Pianura,1600,37954.3,0.27802,0.91132,1.33775,0.39245,0.38043,0.08638,45,6.8,0.22,lognorm|1.1793763660407621|-0.002490359094997345|4.222079241226431,exponweib|18.882064792965714|0.31593464505758817|-0.06251350997821964|0.29289821671464233,weibull_min|4.534960097349114|-0.7841422581397579|67.81041241943787
Taranto,Collina,1501,29774.7,0.01605,1.39069,1.49873,0.63577,0.22456,0.09447,49.45,7.53,0.33,lognorm|1.1153072007050828|-0.0160879854964411|3.4789688655471855,invweibull|1.0115695879260334|-0.4628521027242182|5.155423468889046,weibull_min|4.679182925325524|0.5986883831308589|65.38971889910519
Taranto,Pianura,1141,19410.9,0.16046,3.01398,1.55287,0.68884,0.56984,0.21911,41.84,9.37,0.32,invgauss|2.8046536990434907|-0.15149363824472206|1.8693533055523837,betaprime|2.1522249838176086|0.9866353954440872|0.17277147083926864|1.7424301830728575,weibull_min|4.678588968484796|1.7316299506681077|67.05295698908978
Teramo,Collina,907,14097.7,0.0569,0.76029,2.8834,0.41395,0.19491,0.16243,65.39,10.99,0.3,lognorm|1.1262247903457419|-0.0007580409094112749|2.8273409379042516,invgauss|2.602765185987346|-9.527208787721384e-05|5.9440194176938475,exponweib|0.9701496126285891|4.4504944792450205|1.5389456637529302|65.80169786579008
Teramo,Montagna,47,1533.3,0.09712,0.88591,3.41232,0.56351,0.17874,0.19924,78.64,11.38,0.32,betaprime|1.2567055887768848|1.44979078238463|0.014667581682006662|3.3629152383720124,betaprime|2.200833308750749|1.0389085507944882|0.40098329951552303|3.7330837670752275,weibull_min|4.432123600978055|0.13794931090001167|69.06663617237473
Terni,Collina,281,11969.8,0.01928,1.61717,1.49873,0.4529,0.17917,0.09447,78.2,12.14,0.25,betaprime|1.5562939203404411|1.8113397744740454|0.056468670593313564|5.718763422638479,betaprime|1.2727909820278254|1.384076654875225|0.08272613893721822|19.56673501004836,weibull_min|4.152590631054739|0.1894045990784401|64.80280009469902
Torino,Collina,70,956.2,0.14835,1.4739,1.49873,0.52542,0.14158,0.09447,75.78,11.78,0.24,lognorm|1.1368605809776284|-0.004915395806767757|1.7674869822911314,invgauss|2.5797403972220336|-0.42936047404027755|5.763353245350583,weibull_min|4.692506626486875|0.819493744695867|65.51433882378322
Torino,Montagna,16,268,0.08125,1.59599,3.41232,0.5361,0.07342,0.19924,78.52,9.12,0.38,betaprime|2.1174085456808984|0.8801042224317117|0.022388459643489823|0.19470952782329232,betaprime|1.634359585160024|0.8542292194563682|1.0082935734937886|1.524292930639131,weibull_min|5.810258430524114|-1.5865831558239787|69.44573426283748
Torino,Pianura,196,4422.1,0.01698,0.52838,1.33775,0.67641,0.24362,0.08638,74.53,12.36,0.29,pareto|58.9123518424089|-299.8716506649147|299.8720387396144,betaprime|1.4085205640393967|1.6020839718806417|0.10129476021951712|12.77848543096867,weibull_min|4.641860668337523|0.6268904237270883|62.31816764294342
Trapani,Collina,2462,33327.7,0.06667,0.25568,0.95701,0.34025,0.04563,0.20699,49.98,7.23,0.35,invgauss|1.9575013356723674|-0.17920800772241474|2.7413923598746197,lognorm|1.125191918665278|-0.00805641139379045|7.166553195826554,weibull_min|4.6516583039591595|3.780255441210448|64.84338215222999
Trapani,Pianura,1302,16726.6,0.02186,0.33255,1.33775,0.72979,0.15807,0.08638,67.66,11.4,0.32,betaprime|1.4789086169212837|1.5581002586162072|0.007811747931253658|2.524430386340877,invgauss|2.0551238174092217|-0.4213087826131928|6.326608170497023,weibull_min|4.6261483639373155|3.4121830037667484|64.60420070644327
Trento,Montagna,56,857.1,0.08125,1.59599,3.41232,0.5361,0.07342,0.19924,78.52,9.12,0.21,pareto|0.7304613119807435|-0.12723705011002362|0.1346596402645063,betaprime|2.6128644100845717|0.8080834010668|0.08178057288037875|0.6726577514386456,weibull_min|4.838319308007218|-2.7325301910696815|64.06034054572609
Treviso,Collina,46,1477.2,0.14835,1.4739,1.49873,0.52542,0.14158,0.09447,74.01,7.11,0.35,betaprime|2.138833238032354|2.2697400648618578|0.009843347034767636|1.20887872655421,invgamma|0.8234878346624628|0.011223730987890599|2.366761964747956,weibull_min|4.477582268261197|-0.053825489707630014|69.11494019351633
Treviso,Pianura,209,1948.3,0.0983,1.99854,1.88266,0.86849,0.13768,0.18019,75.56,16.39,0.29,betaprime|2.711562328471832|1.9419596606825962|-1.008369213915764e-05|0.9439403341612783,betaprime|12.196250623160367|1.0484543478574424|0.08707454609281895|0.16870692991556124,weibull_min|5.205212640794371|-0.882139875519768|71.10114877871509
Udine,Collina,16,449.3,0.14835,1.4739,1.49873,0.52542,0.14158,0.09447,75.78,11.78,0.44,betaprime|3.070885830397639|1.3751524672957474|0.0046489075969224705|1.0147481903220297,betaprime|2.1287970549192368|0.9779826729999336|0.30622016627238646|2.9279279958086377,weibull_min|5.777978416428237|1.4025540913963574|67.60765077335478
Udine,Pianura,80,2791.2,0.27802,1.21873,1.33775,0.39245,0.09465,0.08638,78.65,13.44,0.2,betaprime|2.3167665730341254|1.442361623556431|0.01667836551616398|1.0318319662064368,invgamma|0.8524352094870082|-0.37119510110012555|3.136989648938064,weibull_min|4.750131267621424|0.9805615781284562|69.99978531644163
Venezia,Pianura,229,4340.9,0.0983,1.99854,1.88266,0.86849,0.13768,0.18019,63.69,10.59,0.36,invgamma|1.7618842077311452|-0.30714317755590814|3.6480035202459744,invgamma|0.9793534460904505|-0.35343877087177983|3.4066086602989305,weibull_min|5.609496963767825|-1.645796780259992|73.21685972188962
Verona,Collina,14,180.1,0.14835,1.4739,1.49873,0.52542,0.14158,0.09447,74.01,7.11,0.14,exponweib|0.9834353253909784|0.9997379349269033|0.00018824396585779998|5.22581679837831,invgamma|1.5511740956689524|0.34805592995535306|8.806071773045112,weibull_min|3.977282807134519|0.0762735021288331|61.66016094036175
Verona,Pianura,308,12907.1,0.02317,1.99854,1.88266,0.53861,0.13768,0.18019,68.78,9.76,0.18,betaprime|1.7602361745046047|1.73127306686172|0.038245971475412116|4.426206765833456,betaprime|1.38097883200065|1.361914203765345|0.037258498472567875|16.15151850300141,weibull_min|4.142911706767002|-0.972816899299902|65.0351875318775
Vibo Valentia,Collina,345,1873.3,0.03277,0.86094,1.49873,0.72303,0.62333,0.09447,60.11,6.93,0.28,betaprime|1.7239861157862268|2.0619062492601303|0.0007690969608578226|1.0245166082061707,betaprime|2.7456470085906477|1.713774613057658|0.05032806064720668|1.5335970010331352,weibull_min|5.190905078891468|-2.315019634873915|69.35441418283389
Vibo Valentia,Montagna,21,461,0.08125,1.59599,3.41232,0.5361,0.07342,0.19924,40.87,5.39,0.29,betaprime|1.4856574614762095|1.504564723737857|0.0019296038303502116|1.0284195707597372,invgamma|0.9013510743465659|-0.04279930514033817|2.3897507377955858,exponweib|0.982469107773311|5.241065237014496|1.5884240496864184|65.98018935833113
Vicenza,Collina,100,1872.4,0.14835,1.4739,1.49873,0.52542,0.14158,0.09447,68.74,7.13,0.28,invgauss|2.6437417138470063|-0.1562667473256753|2.0152626255139636,betaprime|1.4337593281642782|1.5850041379845146|0.04821000491395587|9.095358701447381,exponweib|1.0208065387063296|5.001814277297571|1.0572775772981666|68.0235258109157
Vicenza,Pianura,172,4047.6,1.761,1.99854,1.88266,0.04998,0.13768,0.18019,62.45,2.64,0.26,lognorm|1.126310439245614|-0.0004020451685760179|2.713783643566371,betaprime|2.5487859764863585|0.9447835405201876|0.17426530940238935|1.8108476111109575,weibull_min|4.729464388437368|-1.0092174870834083|70.16645006288292
Viterbo,Collina,993,37400.9,0.09047,0.86898,1.49873,0.44007,0.16224,0.09447,71.48,9.45,0.3,invgauss|2.257137001081623|-0.34289697613028136|4.963507798722102,betaprime|1.6684436565793812|1.9012708437786092|0.2052605355121967|21.5683645378978,weibull_min|4.386027810108016|0.07019637117449394|65.68167722241213
Viterbo,Pianura,755,20461.3,0.13561,1.06797,1.33775,0.70073,0.1801,0.08638,77.3,10.23,0.28,invgamma|1.455631415256427|-0.40157046044166267|6.590582425054873,invweibull|1.0099827722284511|-0.5225649741657277|6.967875573584774,exponweib|1.0179020345416419|4.536494150643936|1.7963724093944342|66.66640268806424
